{
    "classification_report": {
        "adenocarcinoma": {
            "precision": 0.7333333333333333,
            "recall": 0.09166666666666666,
            "f1-score": 0.16296296296296298,
            "support": 120.0
        },
        "large_cell_carcinoma": {
            "precision": 0.40476190476190477,
            "recall": 1.0,
            "f1-score": 0.576271186440678,
            "support": 51.0
        },
        "normal": {
            "precision": 0.9464285714285714,
            "recall": 0.9814814814814815,
            "f1-score": 0.9636363636363636,
            "support": 54.0
        },
        "squamous_cell_carcinoma": {
            "precision": 0.5338983050847458,
            "recall": 0.7,
            "f1-score": 0.6057692307692307,
            "support": 90.0
        },
        "accuracy": 0.5650793650793651,
        "macro avg": {
            "precision": 0.6546055286521388,
            "recall": 0.693287037037037,
            "f1-score": 0.5771599359523089,
            "support": 315.0
        },
        "weighted avg": {
            "precision": 0.6596852300242131,
            "recall": 0.5650793650793651,
            "f1-score": 0.49365390625277633,
            "support": 315.0
        }
    },
    "confusion_matrix": [
        [
            11,
            51,
            3,
            55
        ],
        [
            0,
            51,
            0,
            0
        ],
        [
            1,
            0,
            53,
            0
        ],
        [
            3,
            24,
            0,
            63
        ]
    ],
    "confusion_matrix_normalized": [
        [
            0.09166666666666666,
            0.425,
            0.025,
            0.4583333333333333
        ],
        [
            0.0,
            1.0,
            0.0,
            0.0
        ],
        [
            0.018518518518518517,
            0.0,
            0.9814814814814815,
            0.0
        ],
        [
            0.03333333333333333,
            0.26666666666666666,
            0.0,
            0.7
        ]
    ]
}