{
    "epoch_t_loss": [
        1.5512970175061906,
        0.9914545341143532,
        0.9303746819496155,
        0.7727299815132505,
        0.682605567905638,
        0.5249237848652734,
        0.49030278031788177,
        0.4335087507017075,
        0.38572612239254844,
        0.32561375271706355,
        0.30251307548984646,
        0.2782455259372318,
        0.2113305199004355,
        0.20095285542664074,
        0.1750896315844286,
        0.15244529975785148,
        0.1486367874202274,
        0.13472465496687663,
        0.14973205132853418,
        0.1381807422176713,
        0.11668158854757037,
        0.13411731201977956,
        0.11598951407959537,
        0.0900950621044825,
        0.0892409550779987,
        0.08173134475798598
    ],
    "epoch_v_loss": [
        1.010372519493103,
        0.9664728045463562,
        0.8587878942489624,
        0.7819145917892456,
        0.7166779786348343,
        0.7495961785316467,
        0.614410936832428,
        0.6292567104101181,
        0.6168101876974106,
        0.4636981785297394,
        0.5177647024393082,
        0.5662820711731911,
        0.5270848460495472,
        0.41433150693774223,
        0.5815776437520981,
        0.5627110973000526,
        0.4918587654829025,
        0.4485309161245823,
        0.4809577167034149,
        0.4347030930221081,
        0.7863327413797379,
        0.603280222043395,
        0.6248230561614037,
        0.5566804707050323,
        0.6929016262292862,
        0.5588758811354637
    ],
    "epoch_t_acc": [
        0.4429563492063492,
        0.5081845238095238,
        0.5637400793650794,
        0.6572420634920635,
        0.7127976190476191,
        0.7817460317460317,
        0.7894345238095238,
        0.8201884920634921,
        0.8427579365079365,
        0.8779761904761905,
        0.8797123015873016,
        0.8931051587301587,
        0.921875,
        0.9268353174603174,
        0.9340277777777778,
        0.9437003968253969,
        0.9432043650793651,
        0.9479166666666666,
        0.9437003968253969,
        0.9496527777777778,
        0.9563492063492064,
        0.9494047619047619,
        0.9598214285714286,
        0.9692460317460317,
        0.9709821428571429,
        0.9734623015873016
    ],
    "epoch_v_acc": [
        0.6484375,
        0.53125,
        0.7109375,
        0.65625,
        0.7578125,
        0.734375,
        0.828125,
        0.7734375,
        0.796875,
        0.8515625,
        0.828125,
        0.84375,
        0.859375,
        0.8671875,
        0.8515625,
        0.90625,
        0.8984375,
        0.8984375,
        0.8984375,
        0.9140625,
        0.8125,
        0.875,
        0.90625,
        0.8046875,
        0.8359375,
        0.9140625
    ],
    "epoch_t_f1": [
        0.4398231926929229,
        0.4953429432971668,
        0.5537197837298585,
        0.6515911316145322,
        0.707117270485613,
        0.7770446151231203,
        0.7861760171974651,
        0.8183587911573693,
        0.842038860764467,
        0.877229577001724,
        0.8777683593874527,
        0.8927471624743191,
        0.9210342200016983,
        0.9266781225934636,
        0.9338106855654185,
        0.9430725305948106,
        0.9433828486754238,
        0.9485247658883924,
        0.9432410541934032,
        0.9493893553661311,
        0.9561546357241649,
        0.9495260354058181,
        0.9593781876849914,
        0.9689284939124859,
        0.9707081649380204,
        0.9739713395123027
    ],
    "epoch_v_f1": [
        0.25779279279279277,
        0.25905797101449274,
        0.4265216874388723,
        0.5993132459702227,
        0.5432738095238095,
        0.7265072850580441,
        0.7949764350184518,
        0.7044497340695332,
        0.6287106357694593,
        0.7287695936760031,
        0.7965815815815815,
        0.7261149110807114,
        0.7544586950384053,
        0.769484025103409,
        0.8371645638312304,
        0.8299019607843138,
        0.8217317317317318,
        0.8238770456503014,
        0.8245471236230111,
        0.8444055583883145,
        0.7651954160042397,
        0.7800737880328842,
        0.8371379872695663,
        0.8471809309309309,
        0.8085283142428283,
        0.851842105263158
    ]
}