{
    "classification_report": {
        "adenocarcinoma": {
            "precision": 0.7010309278350515,
            "recall": 0.5666666666666667,
            "f1-score": 0.6267281105990783,
            "support": 120.0
        },
        "large_cell_carcinoma": {
            "precision": 0.5522388059701493,
            "recall": 0.7254901960784313,
            "f1-score": 0.6271186440677966,
            "support": 51.0
        },
        "normal": {
            "precision": 1.0,
            "recall": 0.9814814814814815,
            "f1-score": 0.9906542056074766,
            "support": 54.0
        },
        "squamous_cell_carcinoma": {
            "precision": 0.673469387755102,
            "recall": 0.7333333333333333,
            "f1-score": 0.7021276595744681,
            "support": 90.0
        },
        "accuracy": 0.7111111111111111,
        "macro avg": {
            "precision": 0.7316847803900758,
            "recall": 0.7517429193899782,
            "f1-score": 0.736657154962205,
            "support": 315.0
        },
        "weighted avg": {
            "precision": 0.7203178899766444,
            "recall": 0.7111111111111111,
            "f1-score": 0.7107213986788982,
            "support": 315.0
        }
    },
    "confusion_matrix": [
        [
            68,
            25,
            0,
            27
        ],
        [
            9,
            37,
            0,
            5
        ],
        [
            0,
            1,
            53,
            0
        ],
        [
            20,
            4,
            0,
            66
        ]
    ],
    "confusion_matrix_normalized": [
        [
            0.5666666666666667,
            0.20833333333333334,
            0.0,
            0.225
        ],
        [
            0.17647058823529413,
            0.7254901960784313,
            0.0,
            0.09803921568627451
        ],
        [
            0.0,
            0.018518518518518517,
            0.9814814814814815,
            0.0
        ],
        [
            0.2222222222222222,
            0.044444444444444446,
            0.0,
            0.7333333333333333
        ]
    ]
}