{
    "epoch_t_loss": [
        0.4822328621521592,
        0.04891164047876373,
        0.030884812586009502,
        0.015681905671954155,
        0.00995333687751554,
        0.007402178285701666,
        0.008053842568187974,
        0.005117575790791307,
        0.004429641714523314,
        0.0070385901835834375,
        0.006153060234282748,
        0.006076024825233617,
        0.0062368698927457444,
        0.005352868842237513,
        0.003910640361937112,
        0.003029496967428713,
        0.003217040648451075
    ],
    "epoch_v_loss": [
        0.9295042753219604,
        0.7243459224700928,
        0.6674597859382629,
        0.5633869767189026,
        0.3155466318130493,
        0.4327344000339508,
        0.40877825021743774,
        0.3597714602947235,
        0.42066490650177,
        0.5357568264007568,
        0.5875074863433838,
        0.6227407455444336,
        0.5438858866691589,
        0.5652825832366943,
        0.5685351490974426,
        0.5647656917572021,
        0.6279000043869019
    ],
    "epoch_t_acc": [
        0.869140625,
        0.991943359375,
        0.992529296875,
        0.995556640625,
        0.997900390625,
        0.99755859375,
        0.998046875,
        0.998779296875,
        0.999267578125,
        0.99853515625,
        0.99814453125,
        0.998388671875,
        0.99755859375,
        0.99765625,
        0.998779296875,
        0.998388671875,
        0.9990234375
    ],
    "epoch_v_acc": [
        0.75,
        0.8472222222222222,
        0.7638888888888888,
        0.8611111111111112,
        0.9305555555555556,
        0.8888888888888888,
        0.9027777777777778,
        0.9444444444444444,
        0.9027777777777778,
        0.9166666666666666,
        0.9027777777777778,
        0.8888888888888888,
        0.9166666666666666,
        0.9305555555555556,
        0.9166666666666666,
        0.9166666666666666,
        0.9027777777777778
    ],
    "epoch_t_f1": [
        0.8669689436670799,
        0.9917509852576266,
        0.992500607735805,
        0.995751186484969,
        0.9979990490153395,
        0.997498608039014,
        0.9980003712644769,
        0.9987500119731004,
        0.9992499930100762,
        0.998499981584568,
        0.9982499030333706,
        0.9985000067299313,
        0.9974998837335484,
        0.9977500834730527,
        0.9987498122732291,
        0.9984999654600718,
        0.9990000324516941
    ],
    "epoch_v_f1": [
        0.7489074638041138,
        0.8516346595359641,
        0.7639329805996473,
        0.860576923076923,
        0.9296570419103314,
        0.8869485294117647,
        0.9036153752436648,
        0.9463866607248961,
        0.9053055695212558,
        0.9205550586364539,
        0.9055356193514089,
        0.8927391283572434,
        0.9187617937617938,
        0.9317580023462377,
        0.9205550586364539,
        0.9182400445558341,
        0.9055356193514089
    ]
}