{
    "classification_report": {
        "adenocarcinoma": {
            "precision": 0.7142857142857143,
            "recall": 0.5416666666666666,
            "f1-score": 0.6161137440758294,
            "support": 120.0
        },
        "large_cell_carcinoma": {
            "precision": 0.45454545454545453,
            "recall": 0.7843137254901961,
            "f1-score": 0.5755395683453237,
            "support": 51.0
        },
        "normal": {
            "precision": 1.0,
            "recall": 0.9814814814814815,
            "f1-score": 0.9906542056074766,
            "support": 54.0
        },
        "squamous_cell_carcinoma": {
            "precision": 0.7108433734939759,
            "recall": 0.6555555555555556,
            "f1-score": 0.6820809248554913,
            "support": 90.0
        },
        "accuracy": 0.6888888888888889,
        "macro avg": {
            "precision": 0.7199186355812861,
            "recall": 0.7407543572984749,
            "f1-score": 0.7160971107210302,
            "support": 315.0
        },
        "weighted avg": {
            "precision": 0.7202285952716245,
            "recall": 0.6888888888888889,
            "f1-score": 0.6925992940143143,
            "support": 315.0
        }
    },
    "confusion_matrix": [
        [
            65,
            33,
            0,
            22
        ],
        [
            9,
            40,
            0,
            2
        ],
        [
            0,
            1,
            53,
            0
        ],
        [
            17,
            14,
            0,
            59
        ]
    ],
    "confusion_matrix_normalized": [
        [
            0.5416666666666666,
            0.275,
            0.0,
            0.18333333333333332
        ],
        [
            0.17647058823529413,
            0.7843137254901961,
            0.0,
            0.0392156862745098
        ],
        [
            0.0,
            0.018518518518518517,
            0.9814814814814815,
            0.0
        ],
        [
            0.18888888888888888,
            0.15555555555555556,
            0.0,
            0.6555555555555556
        ]
    ]
}