{
    "classification_report": {
        "adenocarcinoma": {
            "precision": 0.9550561797752809,
            "recall": 0.7083333333333334,
            "f1-score": 0.8133971291866029,
            "support": 120.0
        },
        "large_cell_carcinoma": {
            "precision": 0.8095238095238095,
            "recall": 1.0,
            "f1-score": 0.8947368421052632,
            "support": 51.0
        },
        "normal": {
            "precision": 1.0,
            "recall": 0.9814814814814815,
            "f1-score": 0.9906542056074766,
            "support": 54.0
        },
        "squamous_cell_carcinoma": {
            "precision": 0.7909090909090909,
            "recall": 0.9666666666666667,
            "f1-score": 0.87,
            "support": 90.0
        },
        "accuracy": 0.8761904761904762,
        "macro avg": {
            "precision": 0.8888722700520454,
            "recall": 0.9141203703703704,
            "f1-score": 0.8921970442248357,
            "support": 315.0
        },
        "weighted avg": {
            "precision": 0.8922992826684639,
            "recall": 0.8761904761904762,
            "f1-score": 0.8731255922303636,
            "support": 315.0
        }
    },
    "confusion_matrix": [
        [
            85,
            12,
            0,
            23
        ],
        [
            0,
            51,
            0,
            0
        ],
        [
            1,
            0,
            53,
            0
        ],
        [
            3,
            0,
            0,
            87
        ]
    ],
    "confusion_matrix_normalized": [
        [
            0.7083333333333334,
            0.1,
            0.0,
            0.19166666666666668
        ],
        [
            0.0,
            1.0,
            0.0,
            0.0
        ],
        [
            0.018518518518518517,
            0.0,
            0.9814814814814815,
            0.0
        ],
        [
            0.03333333333333333,
            0.0,
            0.0,
            0.9666666666666667
        ]
    ]
}