{
    "classification_report": {
        "adenocarcinoma": {
            "precision": 0.9864864864864865,
            "recall": 0.6083333333333333,
            "f1-score": 0.7525773195876289,
            "support": 120.0
        },
        "large_cell_carcinoma": {
            "precision": 0.7183098591549296,
            "recall": 1.0,
            "f1-score": 0.8360655737704918,
            "support": 51.0
        },
        "normal": {
            "precision": 1.0,
            "recall": 0.9814814814814815,
            "f1-score": 0.9906542056074766,
            "support": 54.0
        },
        "squamous_cell_carcinoma": {
            "precision": 0.7521367521367521,
            "recall": 0.9777777777777777,
            "f1-score": 0.8502415458937198,
            "support": 90.0
        },
        "accuracy": 0.8412698412698413,
        "macro avg": {
            "precision": 0.864233274444542,
            "recall": 0.8918981481481482,
            "f1-score": 0.8573846612148293,
            "support": 315.0
        },
        "weighted avg": {
            "precision": 0.8784269488494841,
            "recall": 0.8412698412698413,
            "f1-score": 0.8348117106223779,
            "support": 315.0
        }
    },
    "confusion_matrix": [
        [
            73,
            18,
            0,
            29
        ],
        [
            0,
            51,
            0,
            0
        ],
        [
            0,
            1,
            53,
            0
        ],
        [
            1,
            1,
            0,
            88
        ]
    ],
    "confusion_matrix_normalized": [
        [
            0.6083333333333333,
            0.15,
            0.0,
            0.24166666666666667
        ],
        [
            0.0,
            1.0,
            0.0,
            0.0
        ],
        [
            0.0,
            0.018518518518518517,
            0.9814814814814815,
            0.0
        ],
        [
            0.011111111111111112,
            0.011111111111111112,
            0.0,
            0.9777777777777777
        ]
    ]
}