{
    "epoch_t_loss": [
        1.6202892735600471,
        1.217707373201847,
        1.0580569095909595,
        0.9492689147591591,
        0.8923401609063148,
        0.8310408182442188,
        0.7919053621590137,
        0.760567057877779,
        0.7335965856909752,
        0.715782918035984,
        0.6909645386040211,
        0.683895256370306,
        0.6675850003957748,
        0.6607889235019684,
        0.6215294636785984,
        0.6249105297029018,
        0.6024247221648693,
        0.6189954318106174,
        0.6019379198551178,
        0.5844075419008732,
        0.5658662877976894,
        0.5584968030452728,
        0.5461027435958385,
        0.5516732595860958,
        0.5485395975410938,
        0.5546105019748211,
        0.5260586515069008,
        0.5385176558047533,
        0.5479371957480907,
        0.5199244599789381,
        0.5247636213898659,
        0.5225751399993896,
        0.5229215994477272,
        0.5094682052731514,
        0.5031314752995968,
        0.5059462748467922,
        0.5082394778728485,
        0.5057485923171043,
        0.49368823878467083,
        0.4994851443916559,
        0.4881197717040777,
        0.48870373144745827,
        0.4891379475593567,
        0.48267876729369164,
        0.49413920752704144,
        0.49716589972376823,
        0.5027360934764147
    ],
    "epoch_v_loss": [
        1.190762996673584,
        1.1309173107147217,
        1.0354342460632324,
        0.9258763194084167,
        0.9269863963127136,
        0.912242591381073,
        0.8930063247680664,
        0.8915293216705322,
        0.8838822841644287,
        0.8664957880973816,
        0.8528304696083069,
        0.8570441603660583,
        0.8428624868392944,
        0.8594252467155457,
        0.8439239263534546,
        0.827531635761261,
        0.8191225528717041,
        0.8161810636520386,
        0.8393076658248901,
        0.8054550886154175,
        0.8118774890899658,
        0.800565779209137,
        0.7933558821678162,
        0.8052107095718384,
        0.826964259147644,
        0.8228237628936768,
        0.7968749403953552,
        0.801781952381134,
        0.8160251975059509,
        0.8089965581893921,
        0.7913784980773926,
        0.8007308840751648,
        0.8315961360931396,
        0.7850472927093506,
        0.7816606163978577,
        0.7991111278533936,
        0.8246810436248779,
        0.8170675039291382,
        0.8108758330345154,
        0.8228819370269775,
        0.8047102689743042,
        0.7914350628852844,
        0.8250517845153809,
        0.79997318983078,
        0.8116515278816223,
        0.7994003891944885,
        0.8284692168235779
    ],
    "epoch_t_acc": [
        0.474072265625,
        0.655810546875,
        0.6955078125,
        0.728466796875,
        0.748876953125,
        0.764501953125,
        0.774951171875,
        0.78720703125,
        0.79072265625,
        0.78671875,
        0.79111328125,
        0.799462890625,
        0.797607421875,
        0.79970703125,
        0.81796875,
        0.81396484375,
        0.822412109375,
        0.817236328125,
        0.8208984375,
        0.8189453125,
        0.83291015625,
        0.824609375,
        0.8341796875,
        0.827978515625,
        0.831005859375,
        0.824462890625,
        0.8373046875,
        0.829150390625,
        0.830322265625,
        0.831494140625,
        0.8361328125,
        0.82705078125,
        0.82666015625,
        0.83544921875,
        0.834228515625,
        0.831103515625,
        0.838720703125,
        0.83701171875,
        0.84208984375,
        0.834423828125,
        0.83662109375,
        0.831884765625,
        0.838427734375,
        0.84326171875,
        0.8357421875,
        0.831396484375,
        0.832421875
    ],
    "epoch_v_acc": [
        0.4166666666666667,
        0.4722222222222222,
        0.5277777777777778,
        0.5555555555555556,
        0.5555555555555556,
        0.5694444444444444,
        0.5694444444444444,
        0.5972222222222222,
        0.6111111111111112,
        0.5833333333333334,
        0.5833333333333334,
        0.5972222222222222,
        0.6111111111111112,
        0.5833333333333334,
        0.6111111111111112,
        0.6388888888888888,
        0.6527777777777778,
        0.5972222222222222,
        0.6111111111111112,
        0.6527777777777778,
        0.6111111111111112,
        0.6111111111111112,
        0.6527777777777778,
        0.6388888888888888,
        0.6111111111111112,
        0.6111111111111112,
        0.625,
        0.6805555555555556,
        0.6111111111111112,
        0.6388888888888888,
        0.6388888888888888,
        0.6527777777777778,
        0.6111111111111112,
        0.6527777777777778,
        0.6666666666666666,
        0.625,
        0.625,
        0.625,
        0.6666666666666666,
        0.6944444444444444,
        0.6527777777777778,
        0.625,
        0.6527777777777778,
        0.625,
        0.6527777777777778,
        0.6805555555555556,
        0.625
    ],
    "epoch_t_f1": [
        0.4677009425102368,
        0.6445172742390115,
        0.6895697028222064,
        0.7240068125116849,
        0.7444951632518155,
        0.7605866406346005,
        0.7702761420728707,
        0.7834140141288645,
        0.7873321305141129,
        0.7841472704020482,
        0.7886741931887769,
        0.7982996747267969,
        0.7942169372068909,
        0.7983734259699239,
        0.8160683004600807,
        0.8131782678138509,
        0.8215341599796707,
        0.8151839686570788,
        0.8206442341936449,
        0.8177189126856774,
        0.8317622293549726,
        0.8238857068826119,
        0.8336164727420136,
        0.8262726591187753,
        0.8298576015986507,
        0.8231398058523465,
        0.8356956152044215,
        0.8287617930237554,
        0.8295977592201369,
        0.8309031543782814,
        0.8355867344304083,
        0.8263027090524424,
        0.8260270390422595,
        0.8345796597096528,
        0.83310558326476,
        0.8302559758079611,
        0.837454144292203,
        0.8368155902827747,
        0.8404104297619956,
        0.8342581979471931,
        0.8361688935935019,
        0.8308991413107581,
        0.8375554593094291,
        0.8424414327576224,
        0.8348420150253786,
        0.8314874382162516,
        0.8336139106891336
    ],
    "epoch_v_f1": [
        0.39104938271604944,
        0.4328747795414462,
        0.48609891620547746,
        0.540499449708106,
        0.5465442458726341,
        0.5600186104218362,
        0.5693829953633875,
        0.5930602319491208,
        0.6072595164609054,
        0.5830026455026456,
        0.5733058317599381,
        0.5933226826083968,
        0.6081617331617332,
        0.5814922480620155,
        0.6064141414141414,
        0.6370992841581078,
        0.6505822607477454,
        0.5954703813046478,
        0.6096706091892228,
        0.6493733632622521,
        0.607924579977769,
        0.6104362725040916,
        0.6552423747276689,
        0.6391207844696217,
        0.608015135878913,
        0.607057057057057,
        0.6200829097070927,
        0.6733369883040936,
        0.6072746553162709,
        0.6328028966917856,
        0.6390856194283614,
        0.6522023909278811,
        0.6013564213564214,
        0.6512156876045766,
        0.668373015873016,
        0.619706498951782,
        0.6261438069846286,
        0.6276175213675214,
        0.658476985294936,
        0.6882380568974773,
        0.6516009234166416,
        0.6253935374613566,
        0.6525689223057644,
        0.624533203207712,
        0.6537501508618324,
        0.6777484498072734,
        0.6215277777777778
    ]
}