{
    "epoch_t_loss": [
        0.45837581856176257,
        0.04968268540687859,
        0.0166628647421021,
        0.011102286007371731,
        0.00924519493128173,
        0.010283643438015133,
        0.010292797393049113,
        0.005931833253271179,
        0.004211538122035563,
        0.0062624006932310294,
        0.008190431784896646,
        0.009015077903313795,
        0.014426376474148128,
        0.013178697336115874,
        0.00596628673520172,
        0.011353389563737437
    ],
    "epoch_v_loss": [
        0.8424855470657349,
        0.5800310969352722,
        0.31872695684432983,
        0.20118264853954315,
        0.30781111121177673,
        0.3170585036277771,
        0.34214699268341064,
        0.7085468769073486,
        0.6556342244148254,
        0.6276069283485413,
        0.5762234926223755,
        0.7191941738128662,
        0.5291914343833923,
        0.3312070071697235,
        0.4408125579357147,
        0.6093459129333496
    ],
    "epoch_t_acc": [
        0.87861328125,
        0.990966796875,
        0.996923828125,
        0.9970703125,
        0.9970703125,
        0.99716796875,
        0.996435546875,
        0.998779296875,
        0.99853515625,
        0.997802734375,
        0.99619140625,
        0.996826171875,
        0.99609375,
        0.995947265625,
        0.99853515625,
        0.99716796875
    ],
    "epoch_v_acc": [
        0.8055555555555556,
        0.8333333333333334,
        0.875,
        0.9305555555555556,
        0.9166666666666666,
        0.9305555555555556,
        0.9027777777777778,
        0.9166666666666666,
        0.9166666666666666,
        0.9166666666666666,
        0.9305555555555556,
        0.8888888888888888,
        0.9166666666666666,
        0.9166666666666666,
        0.9027777777777778,
        0.9027777777777778
    ],
    "epoch_t_f1": [
        0.8762755247873929,
        0.9907479899200254,
        0.9970002547978722,
        0.9969985100119803,
        0.996999611943145,
        0.9972492220905435,
        0.9964985963182504,
        0.998749419182386,
        0.9985000188470624,
        0.9977500923895122,
        0.996251115160058,
        0.9967508102427479,
        0.9960005978749359,
        0.9960010546710025,
        0.998499887488721,
        0.9972507369805221
    ],
    "epoch_v_f1": [
        0.8027658662092624,
        0.8324055467597666,
        0.872879645349934,
        0.9309498207885305,
        0.916175100018185,
        0.9317580023462377,
        0.9047557619539044,
        0.9195031003854532,
        0.9195031003854532,
        0.9205550586364539,
        0.9332819957819959,
        0.893640350877193,
        0.9171793735224587,
        0.9176798433048433,
        0.9038248337028825,
        0.9056971774995031
    ]
}