{
    "epoch_t_loss": [
        1.670576386153698,
        1.2439084872603416,
        1.0653160475194454,
        0.978804811835289,
        0.9131663478910923,
        0.8463309854269028,
        0.8103997148573399,
        0.7752310112118721,
        0.7611939795315266,
        0.7286140471696854,
        0.7125085555016994,
        0.7029230892658234,
        0.6706366091966629,
        0.66610112413764,
        0.6458526067435741,
        0.6192511692643166,
        0.6201576739549637,
        0.5908787250518799,
        0.6163617596030235,
        0.5802101083099842,
        0.5742184557020664,
        0.5749361105263233,
        0.5601318925619125,
        0.5608578603714705,
        0.5793212726712227,
        0.5584543161094189,
        0.5747927110642195,
        0.5493842288851738,
        0.5312538258731365,
        0.5187093615531921,
        0.5398915521800518,
        0.5061090476810932,
        0.520713210105896,
        0.5333641432225704,
        0.5114536639302969,
        0.5130722355097532,
        0.5119244866073132,
        0.5227871965616941,
        0.5093980897217989,
        0.5229518730193377,
        0.5114305093884468,
        0.5081839263439178,
        0.5005153752863407,
        0.5152244307100773,
        0.4779887776821852,
        0.4956179801374674,
        0.4657301902770996,
        0.49755638279020786,
        0.48823661357164383,
        0.4631944466382265,
        0.4793605376034975,
        0.4820084385573864,
        0.4914170168340206,
        0.4927053991705179,
        0.4728979393839836
    ],
    "epoch_v_loss": [
        1.2416118383407593,
        1.1829382181167603,
        1.0771634578704834,
        0.9421546459197998,
        0.9153023958206177,
        0.9126296639442444,
        0.9106645584106445,
        0.8942183256149292,
        0.9023998975753784,
        0.9118187427520752,
        0.8671992421150208,
        0.8547589182853699,
        0.8533675074577332,
        0.8630578517913818,
        0.8686511516571045,
        0.8574855923652649,
        0.8440116047859192,
        0.8450404405593872,
        0.8529970645904541,
        0.8535661101341248,
        0.8448754549026489,
        0.8383651971817017,
        0.8322935104370117,
        0.8491849303245544,
        0.835382342338562,
        0.888326108455658,
        0.849176824092865,
        0.8330907225608826,
        0.8280361890792847,
        0.8165529370307922,
        0.8173382878303528,
        0.8215645551681519,
        0.827117919921875,
        0.829210638999939,
        0.8042073249816895,
        0.8519788384437561,
        0.8316287994384766,
        0.8684216737747192,
        0.8244250416755676,
        0.8327035903930664,
        0.800552487373352,
        0.8210092186927795,
        0.7894223928451538,
        0.7933551669120789,
        0.8153569102287292,
        0.8038336634635925,
        0.8207315802574158,
        0.7979958057403564,
        0.7994407415390015,
        0.8103920817375183,
        0.8247363567352295,
        0.8504312038421631,
        0.873553454875946,
        0.8188371062278748,
        0.8425213098526001
    ],
    "epoch_t_acc": [
        0.42724609375,
        0.6490234375,
        0.71474609375,
        0.713427734375,
        0.742822265625,
        0.764111328125,
        0.76669921875,
        0.771435546875,
        0.773046875,
        0.78046875,
        0.789111328125,
        0.793408203125,
        0.80556640625,
        0.80322265625,
        0.8095703125,
        0.811083984375,
        0.816162109375,
        0.826953125,
        0.81083984375,
        0.823046875,
        0.820556640625,
        0.81962890625,
        0.8283203125,
        0.82998046875,
        0.806884765625,
        0.822705078125,
        0.8134765625,
        0.821142578125,
        0.831689453125,
        0.840966796875,
        0.83388671875,
        0.84140625,
        0.836865234375,
        0.824462890625,
        0.833056640625,
        0.835986328125,
        0.828759765625,
        0.8240234375,
        0.837744140625,
        0.823779296875,
        0.840380859375,
        0.835986328125,
        0.82822265625,
        0.8291015625,
        0.844384765625,
        0.831884765625,
        0.84501953125,
        0.832177734375,
        0.838427734375,
        0.84501953125,
        0.84033203125,
        0.8375,
        0.831689453125,
        0.837646484375,
        0.841845703125
    ],
    "epoch_v_acc": [
        0.3333333333333333,
        0.375,
        0.4861111111111111,
        0.5555555555555556,
        0.5694444444444444,
        0.5416666666666666,
        0.5277777777777778,
        0.5694444444444444,
        0.5694444444444444,
        0.5694444444444444,
        0.5694444444444444,
        0.625,
        0.625,
        0.5972222222222222,
        0.5972222222222222,
        0.5972222222222222,
        0.5972222222222222,
        0.6388888888888888,
        0.5833333333333334,
        0.5833333333333334,
        0.5972222222222222,
        0.5972222222222222,
        0.625,
        0.625,
        0.5972222222222222,
        0.6111111111111112,
        0.5833333333333334,
        0.625,
        0.625,
        0.625,
        0.625,
        0.6388888888888888,
        0.6111111111111112,
        0.625,
        0.6388888888888888,
        0.625,
        0.6111111111111112,
        0.625,
        0.6388888888888888,
        0.6111111111111112,
        0.6388888888888888,
        0.6388888888888888,
        0.6527777777777778,
        0.625,
        0.6111111111111112,
        0.6111111111111112,
        0.625,
        0.625,
        0.6388888888888888,
        0.6388888888888888,
        0.6388888888888888,
        0.6388888888888888,
        0.6388888888888888,
        0.6388888888888888,
        0.625
    ],
    "epoch_t_f1": [
        0.42030491447853385,
        0.63930632512376,
        0.7091461449603935,
        0.7059113460837373,
        0.7383426003936124,
        0.7606401572057381,
        0.764676917794543,
        0.7689376548317791,
        0.7720915299306736,
        0.7786140223642383,
        0.7861833134315923,
        0.7899638839698572,
        0.8040881986724904,
        0.8032130949512039,
        0.8074376466359598,
        0.8092105347344056,
        0.8157101525696471,
        0.8249874127929051,
        0.8097293043840134,
        0.8228076426270188,
        0.8193444028949844,
        0.8191593318098445,
        0.8280016906978854,
        0.8277228794724958,
        0.8056532450119029,
        0.8208554817786453,
        0.8097959911188216,
        0.8192664325237772,
        0.8308221239208075,
        0.8400117917201417,
        0.8336396213461477,
        0.8420316232914858,
        0.8366262897603299,
        0.8228969048905563,
        0.8323232679145885,
        0.8348767623419914,
        0.8271087510618047,
        0.8244398006332028,
        0.8355163235468269,
        0.8230452647514482,
        0.8400808463385435,
        0.8346758518667736,
        0.8278715264057407,
        0.8281639802241791,
        0.8436127701639422,
        0.8314935544328418,
        0.8449702778580227,
        0.8306918182697378,
        0.838944631870394,
        0.8451835658447375,
        0.8403348374242263,
        0.836057337849508,
        0.8320829554526783,
        0.8373693154091435,
        0.8419259670034521
    ],