{
    "classification_report": {
        "adenocarcinoma": {
            "precision": 0.37777777777777777,
            "recall": 0.85,
            "f1-score": 0.5230769230769231,
            "support": 120.0
        },
        "large_cell_carcinoma": {
            "precision": 0.2702702702702703,
            "recall": 0.19607843137254902,
            "f1-score": 0.22727272727272727,
            "support": 51.0
        },
        "normal": {
            "precision": 0.75,
            "recall": 0.1111111111111111,
            "f1-score": 0.1935483870967742,
            "support": 54.0
        },
        "squamous_cell_carcinoma": {
            "precision": 0.0,
            "recall": 0.0,
            "f1-score": 0.0,
            "support": 90.0
        },
        "accuracy": 0.3746031746031746,
        "macro avg": {
            "precision": 0.349512012012012,
            "recall": 0.28929738562091506,
            "f1-score": 0.23597450936160613,
            "support": 315.0
        },
        "weighted avg": {
            "precision": 0.31624481624481626,
            "recall": 0.3746031746031746,
            "f1-score": 0.26924365956624025,
            "support": 315.0
        }
    },
    "confusion_matrix": [
        [
            102,
            16,
            2,
            0
        ],
        [
            41,
            10,
            0,
            0
        ],
        [
            47,
            1,
            6,
            0
        ],
        [
            80,
            10,
            0,
            0
        ]
    ],
    "confusion_matrix_normalized": [
        [
            0.85,
            0.13333333333333333,
            0.016666666666666666,
            0.0
        ],
        [
            0.803921568627451,
            0.19607843137254902,
            0.0,
            0.0
        ],
        [
            0.8703703703703703,
            0.018518518518518517,
            0.1111111111111111,
            0.0
        ],
        [
            0.8888888888888888,
            0.1111111111111111,
            0.0,
            0.0
        ]
    ]
}