{
    "classification_report": {
        "adenocarcinoma": {
            "precision": 0.908256880733945,
            "recall": 0.825,
            "f1-score": 0.8646288209606987,
            "support": 120.0
        },
        "large_cell_carcinoma": {
            "precision": 0.7936507936507936,
            "recall": 0.9803921568627451,
            "f1-score": 0.8771929824561403,
            "support": 51.0
        },
        "normal": {
            "precision": 1.0,
            "recall": 0.9444444444444444,
            "f1-score": 0.9714285714285714,
            "support": 54.0
        },
        "squamous_cell_carcinoma": {
            "precision": 0.8913043478260869,
            "recall": 0.9111111111111111,
            "f1-score": 0.9010989010989011,
            "support": 90.0
        },
        "accuracy": 0.8952380952380953,
        "macro avg": {
            "precision": 0.8983030055527064,
            "recall": 0.915236928104575,
            "f1-score": 0.9035873189860779,
            "support": 315.0
        },
        "weighted avg": {
            "precision": 0.9005854205352752,
            "recall": 0.8952380952380953,
            "f1-score": 0.8953915700844158,
            "support": 315.0
        }
    },
    "confusion_matrix": [
        [
            99,
            13,
            0,
            8
        ],
        [
            1,
            50,
            0,
            0
        ],
        [
            1,
            0,
            51,
            2
        ],
        [
            8,
            0,
            0,
            82
        ]
    ],
    "confusion_matrix_normalized": [
        [
            0.825,
            0.10833333333333334,
            0.0,
            0.06666666666666667
        ],
        [
            0.0196078431372549,
            0.9803921568627451,
            0.0,
            0.0
        ],
        [
            0.018518518518518517,
            0.0,
            0.9444444444444444,
            0.037037037037037035
        ],
        [
            0.08888888888888889,
            0.0,
            0.0,
            0.9111111111111111
        ]
    ]
}