{
    "epoch_t_loss": [
        0.31168644230753656,
        0.05584731181004336,
        0.04600714951834922,
        0.022474274073453947,
        0.02042860345497343,
        0.01574902057126608,
        0.01806353229536427,
        0.02264790210583236,
        0.014124986152478775,
        0.00800680920910386,
        0.014826419613012742,
        0.019889492661200672,
        0.014483608280508114,
        0.0033938677073502544,
        0.0029048554572924214,
        0.003010465953925704,
        0.002198203073645807,
        0.002793886744903209,
        0.002513048479353789,
        0.004913415317412092
    ],
    "epoch_v_loss": [
        0.5869855321361683,
        0.43342526257038116,
        0.2603933199425228,
        0.2048001792281866,
        0.27120428532361984,
        0.3593007194867823,
        0.30872954707592726,
        0.17141449212795123,
        0.3527664612402077,
        0.3019722425378859,
        0.21204569516703486,
        0.38866276139742695,
        0.2194870587263722,
        0.33567066633258946,
        0.2606583805172704,
        0.2445665411069058,
        0.29541129031713353,
        0.26215703738853335,
        0.24815749347908422,
        0.31365646421858173
    ],
    "epoch_t_acc": [
        0.8764880952380952,
        0.9818948412698413,
        0.9818948412698413,
        0.9942956349206349,
        0.9947916666666666,
        0.9940476190476191,
        0.9930555555555556,
        0.9937996031746031,
        0.9952876984126984,
        0.9975198412698413,
        0.9947916666666666,
        0.9918154761904762,
        0.9957837301587301,
        0.9982638888888888,
        0.9987599206349206,
        0.9982638888888888,
        0.9990079365079365,
        0.9987599206349206,
        0.9985119047619048,
        0.9977678571428571
    ],
    "epoch_v_acc": [
        0.875,
        0.859375,
        0.9296875,
        0.9453125,
        0.9140625,
        0.90625,
        0.9375,
        0.9296875,
        0.921875,
        0.9453125,
        0.953125,
        0.9296875,
        0.9140625,
        0.9296875,
        0.9453125,
        0.953125,
        0.9609375,
        0.9453125,
        0.96875,
        0.953125
    ],
    "epoch_t_f1": [
        0.8756690816047086,
        0.9817301560833073,
        0.981738038947255,
        0.9942487881224495,
        0.9947463413749473,
        0.9939999910303956,
        0.9929991424299769,
        0.9937508084591228,
        0.995498699925821,
        0.9974990548751638,
        0.9947481639488103,
        0.9917538693647385,
        0.9957491298372146,
        0.9982494733609546,
        0.9987498761176132,
        0.9982499393533478,
        0.9989999450848388,
        0.998750013223232,
        0.99849997690639,
        0.9977499486501626
    ],
    "epoch_v_f1": [
        0.7947292143401984,
        0.8490911955631185,
        0.8798036758563075,
        0.9035827679336013,
        0.8472754004004003,
        0.8363254338254338,
        0.8947478138749,
        0.8822646829707164,
        0.8668737418737418,
        0.8998531230674087,
        0.915685710742031,
        0.8758468289718289,
        0.8489575867176847,
        0.8729609929078015,
        0.9055356193514089,
        0.9205550586364539,
        0.9333679401993356,
        0.9055356193514089,
        0.9447358197358198,
        0.9187617937617938
    ]
}