{
    "epoch_t_loss": [
        1.0357253797470578,
        0.7520195416041783,
        0.6391560775893075,
        0.5780134759252034,
        0.5031564746584211,
        0.46295066201497637,
        0.4449456220581418,
        0.40994762712054783,
        0.3879357420262836,
        0.3762957337829802,
        0.35399951892239706,
        0.3424402494279165,
        0.32577474722786554,
        0.30839031579948606,
        0.2924167239476764,
        0.28286613476654837,
        0.2803402077110987,
        0.2764517357425084,
        0.27184558293176075,
        0.26194389330016243
    ],
    "epoch_v_loss": [
        0.9749499559402466,
        0.8729831874370575,
        0.8047753274440765,
        0.7602581083774567,
        0.7577191591262817,
        0.7347645163536072,
        0.7152688503265381,
        0.6815363466739655,
        0.6359465420246124,
        0.6653765439987183,
        0.659019947052002,
        0.6358888149261475,
        0.6068074256181717,
        0.6400148570537567,
        0.6209350228309631,
        0.6167163848876953,
        0.6050845086574554,
        0.5910037755966187,
        0.5875696241855621,
        0.594195768237114
    ],
    "epoch_t_acc": [
        0.6108630952380952,
        0.7589285714285714,
        0.8015873015873016,
        0.8283730158730159,
        0.8497023809523809,
        0.8692956349206349,
        0.8740079365079365,
        0.8784722222222222,
        0.8881448412698413,
        0.8960813492063492,
        0.9002976190476191,
        0.9025297619047619,
        0.908234126984127,
        0.9174107142857143,
        0.9201388888888888,
        0.9241071428571429,
        0.9241071428571429,
        0.921875,
        0.9226190476190477,
        0.9293154761904762
    ],
    "epoch_v_acc": [
        0.6875,
        0.6953125,
        0.7890625,
        0.7734375,
        0.8046875,
        0.796875,
        0.828125,
        0.7734375,
        0.796875,
        0.7734375,
        0.796875,
        0.7578125,
        0.75,
        0.7734375,
        0.765625,
        0.796875,
        0.7890625,
        0.7734375,
        0.7734375,
        0.78125
    ],
    "epoch_t_f1": [
        0.6075314201598403,
        0.7560191267589637,
        0.8001996069888553,
        0.8262257435318375,
        0.8483539900045387,
        0.8683867109299852,
        0.8721525179282392,
        0.8777351050082789,
        0.8875085097736936,
        0.896279635697239,
        0.8997152616999741,
        0.9026032557683471,
        0.9081913698171477,
        0.9172432519607995,
        0.9207843112166207,
        0.9236137622148786,
        0.9243750447741181,
        0.9214676164636507,
        0.9221511584963615,
        0.929114326938744
    ],
    "epoch_v_f1": [
        0.5373947678470821,
        0.6475869896120217,
        0.7289201701701702,
        0.6916745805634695,
        0.755105883395357,
        0.7422099271854474,
        0.7930159508695179,
        0.6975023804292096,
        0.74086555956201,
        0.6995257452574526,
        0.7371345029239766,
        0.6718346253229974,
        0.6582040736388564,
        0.7002428127428126,
        0.683047581073897,
        0.7447645823961614,
        0.7306611969111969,
        0.6926092759426093,
        0.6964210232264088,
        0.7096883468834688
    ]
}