{
    "classification_report": {
        "adenocarcinoma": {
            "precision": 0.7314814814814815,
            "recall": 0.6583333333333333,
            "f1-score": 0.6929824561403509,
            "support": 120.0
        },
        "large_cell_carcinoma": {
            "precision": 0.4444444444444444,
            "recall": 0.7843137254901961,
            "f1-score": 0.5673758865248227,
            "support": 51.0
        },
        "normal": {
            "precision": 1.0,
            "recall": 0.9444444444444444,
            "f1-score": 0.9714285714285714,
            "support": 54.0
        },
        "squamous_cell_carcinoma": {
            "precision": 0.8333333333333334,
            "recall": 0.6111111111111112,
            "f1-score": 0.7051282051282052,
            "support": 90.0
        },
        "accuracy": 0.7142857142857143,
        "macro avg": {
            "precision": 0.7523148148148149,
            "recall": 0.7495506535947712,
            "f1-score": 0.7342287798054876,
            "support": 315.0
        },
        "weighted avg": {
            "precision": 0.7601410934744268,
            "recall": 0.7142857142857143,
            "f1-score": 0.7238499881532997,
            "support": 315.0
        }
    },
    "confusion_matrix": [
        [
            79,
            33,
            0,
            8
        ],
        [
            8,
            40,
            0,
            3
        ],
        [
            2,
            1,
            51,
            0
        ],
        [
            19,
            16,
            0,
            55
        ]
    ],
    "confusion_matrix_normalized": [
        [
            0.6583333333333333,
            0.275,
            0.0,
            0.06666666666666667
        ],
        [
            0.1568627450980392,
            0.7843137254901961,
            0.0,
            0.058823529411764705
        ],
        [
            0.037037037037037035,
            0.018518518518518517,
            0.9444444444444444,
            0.0
        ],
        [
            0.2111111111111111,
            0.17777777777777778,
            0.0,
            0.6111111111111112
        ]
    ]
}