{
    "epoch_t_loss": [
        1.0226975717241802,
        0.736322922366006,
        0.6069178628543067,
        0.5571404142039162,
        0.5051826091985854,
        0.45654539598359,
        0.4215581724568019,
        0.40185826685693526,
        0.3945475769421411,
        0.3635430984080784,
        0.35989396345047725,
        0.33597254824070705,
        0.3195751335412737,
        0.3089599663776065,
        0.2998346286633658,
        0.27920338038414244,
        0.27737488798678867,
        0.25855585412373616,
        0.26358518099027967,
        0.265081610944536,
        0.2611133619433358,
        0.24815729473318374,
        0.23733838233682844,
        0.22997576424053737,
        0.23778647278982495,
        0.2209136247161835,
        0.2139318413914196,
        0.2159237323535813,
        0.21447179123522744,
        0.20844377151557378,
        0.20725831921611512,
        0.20253196808080826,
        0.20891510730697996,
        0.20032181992890344,
        0.19723415161882127,
        0.1881094883595194
    ],
    "epoch_v_loss": [
        0.9178248643875122,
        0.832599937915802,
        0.8168083131313324,
        0.7259936928749084,
        0.7367182970046997,
        0.7011271119117737,
        0.709490567445755,
        0.6873511672019958,
        0.7122410535812378,
        0.6767868101596832,
        0.6429150402545929,
        0.6303842961788177,
        0.692509651184082,
        0.6057242751121521,
        0.6165868937969208,
        0.6294862031936646,
        0.6603972017765045,
        0.6190106570720673,
        0.6433020234107971,
        0.5895437002182007,
        0.6542837023735046,
        0.6115161180496216,
        0.5721688717603683,
        0.5588104426860809,
        0.6413566470146179,
        0.5845783650875092,
        0.5926728844642639,
        0.5639356076717377,
        0.6155354976654053,
        0.6377213597297668,
        0.5747241079807281,
        0.572250247001648,
        0.5768319219350815,
        0.6207316815853119,
        0.5787762701511383,
        0.5862612128257751
    ],
    "epoch_t_acc": [
        0.6351686507936508,
        0.7686011904761905,
        0.8139880952380952,
        0.8276289682539683,
        0.845734126984127,
        0.8568948412698413,
        0.8754960317460317,
        0.8829365079365079,
        0.8807043650793651,
        0.9000496031746031,
        0.8918650793650794,
        0.908234126984127,
        0.9114583333333334,
        0.9151785714285714,
        0.9112103174603174,
        0.9246031746031746,
        0.9246031746031746,
        0.9303075396825397,
        0.9293154761904762,
        0.9268353174603174,
        0.9255952380952381,
        0.9246031746031746,
        0.9399801587301587,
        0.9367559523809523,
        0.9273313492063492,
        0.9365079365079365,
        0.9384920634920635,
        0.9382440476190477,
        0.9404761904761905,
        0.9419642857142857,
        0.9434523809523809,
        0.9389880952380952,
        0.9404761904761905,
        0.9419642857142857,
        0.9466765873015873,
        0.9484126984126984
    ],
    "epoch_v_acc": [
        0.7265625,
        0.71875,
        0.703125,
        0.7734375,
        0.8125,
        0.765625,
        0.7734375,
        0.7734375,
        0.8203125,
        0.796875,
        0.8203125,
        0.7734375,
        0.8203125,
        0.8203125,
        0.7890625,
        0.8046875,
        0.8046875,
        0.8046875,
        0.78125,
        0.7734375,
        0.8203125,
        0.8046875,
        0.7890625,
        0.8203125,
        0.8359375,
        0.828125,
        0.828125,
        0.8359375,
        0.8203125,
        0.8046875,
        0.8046875,
        0.8359375,
        0.7890625,
        0.828125,
        0.8125,
        0.8125
    ],
    "epoch_t_f1": [
        0.6293464051443151,
        0.7658819899455964,
        0.8118544100123477,
        0.8248631897092683,
        0.8435394030419163,
        0.8558730650459057,
        0.8747414756302786,
        0.8825162529439857,
        0.8806246568975754,
        0.899422287807636,
        0.8913527106895943,
        0.9079315470702821,
        0.9115684716598126,
        0.9150070721096315,
        0.9119238434123063,
        0.9253688840061006,
        0.9242769312809429,
        0.9307585743570098,
        0.9292445806945013,
        0.9271788705366868,
        0.9255419695200175,
        0.9238675035220614,
        0.9399343245902418,
        0.9366159231521977,
        0.9267577876125219,
        0.9363673595158569,
        0.9382992827410439,
        0.9380779189513944,
        0.940413467825384,
        0.9431212324957495,
        0.9434407312555333,
        0.9388516392571435,
        0.9401783904795632,
        0.9419453806855533,
        0.9466485505720197,
        0.9487406021056991
    ],
    "epoch_v_f1": [
        0.4920677681992337,
        0.5824314574314574,
        0.6572339697339697,
        0.695550723913297,
        0.7673256589923256,
        0.6803046271203452,
        0.6991283966893723,
        0.702177700348432,
        0.7791338472711024,
        0.738055363055363,
        0.7849127078778242,
        0.6920364637082903,
        0.7791338472711024,
        0.7791338472711024,
        0.7274191678261447,
        0.753012628012628,
        0.752968877968878,
        0.7509746588693956,
        0.7116020821283979,
        0.6985565110565111,
        0.7796142488002953,
        0.7514423076923077,
        0.7266786016786017,
        0.7811717205009887,
        0.806376891842008,
        0.7946271929824561,
        0.7931035910687073,
        0.8053619821912505,
        0.7784694034694035,
        0.7489453386436699,
        0.7490079365079365,
        0.8036942430235113,
        0.722923811204105,
        0.7921631392427284,
        0.7671638101516149,
        0.7614766081871345
    ]
}