{
    "epoch_t_loss": [
        0.3031889805126758,
        0.06342272591289311,
        0.0302050962475025,
        0.028964703742300146,
        0.032215698948314796,
        0.019506961774101318,
        0.021355448313803958,
        0.011930453214893258,
        0.023286163578935277,
        0.00678695828600977,
        0.015894134756914962,
        0.006622358790183271,
        0.003711695002941327,
        0.00568206624078061,
        0.008417014773782747,
        0.016776027001296392,
        0.01674523158368492,
        0.014169445309288141,
        0.007124355706591381,
        0.005879981126579676,
        0.005774002091274024,
        0.004880768668181912,
        0.00482411376004974,
        0.010359921884036527,
        0.0076627912570378,
        0.0031287959893508367,
        0.002703602840169662,
        0.0031544910327450035
    ],
    "epoch_v_loss": [
        1.1534556761034764,
        0.23382939212024212,
        0.29509268986294046,
        0.19524773210287094,
        0.2927713181707077,
        0.2318466752767563,
        0.22549242211971432,
        0.329054708883632,
        0.3411561418324709,
        0.5399081916548312,
        0.17740024428348988,
        0.286009194329381,
        0.24768257746472955,
        0.24680681782774627,
        0.42830637097358704,
        0.1658254712820053,
        0.3827165463226265,
        0.3023057527243509,
        0.27334537703427486,
        0.3091325964778662,
        0.30004849258693866,
        0.404448221786879,
        0.5085364603437483,
        0.30612108699278906,
        0.27841658843681216,
        0.3466909666913125,
        0.3415743105688307,
        0.3347475513064637
    ],
    "epoch_t_acc": [
        0.8846726190476191,
        0.980406746031746,
        0.9890873015873016,
        0.9923115079365079,
        0.9900793650793651,
        0.9930555555555556,
        0.9933035714285714,
        0.9950396825396826,
        0.9908234126984127,
        0.9970238095238095,
        0.9942956349206349,
        0.9967757936507936,
        0.9982638888888888,
        0.998015873015873,
        0.9950396825396826,
        0.9947916666666666,
        0.9937996031746031,
        0.9937996031746031,
        0.9972718253968254,
        0.9967757936507936,
        0.9970238095238095,
        0.9975198412698413,
        0.998015873015873,
        0.9950396825396826,
        0.9962797619047619,
        0.9982638888888888,
        0.9985119047619048,
        0.9977678571428571
    ],
    "epoch_v_acc": [
        0.7734375,
        0.9375,
        0.9140625,
        0.96875,
        0.9296875,
        0.96875,
        0.9609375,
        0.9453125,
        0.953125,
        0.9140625,
        0.953125,
        0.953125,
        0.9609375,
        0.9609375,
        0.8828125,
        0.953125,
        0.9140625,
        0.9453125,
        0.953125,
        0.953125,
        0.9609375,
        0.9609375,
        0.9453125,
        0.9453125,
        0.96875,
        0.96875,
        0.9609375,
        0.96875
    ],
    "epoch_t_f1": [
        0.8842088606734366,
        0.9804886105429695,
        0.9889979821147767,
        0.9922477714082618,
        0.9899983046087795,
        0.9929981652533251,
        0.9932502060355898,
        0.9949993235073087,
        0.9907493377857591,
        0.9969992408974487,
        0.9942549787174686,
        0.996749775829868,
        0.9982494384035997,
        0.9979996569524227,
        0.994999828312123,
        0.9947511170550795,
        0.9937505155965912,
        0.9937491599957953,
        0.9972499075994713,
        0.9967496913439733,
        0.9969997546938001,
        0.9975002390587474,
        0.9980005335057144,
        0.9949975073560866,
        0.9962486714047627,
        0.998249639126855,
        0.9985000243441402,
        0.997999911588124
    ],
    "epoch_v_f1": [
        0.5946977844433706,
        0.8927391283572434,
        0.8544183316327092,
        0.9442054958183991,
        0.8794413432571327,
        0.9454861111111111,
        0.9321095571095572,
        0.9056878306878308,
        0.9205550586364539,
        0.8544183316327092,
        0.9172831253713607,
        0.9187846068660023,
        0.9332819957819959,
        0.9318033273915627,
        0.8893330103359172,
        0.9172831253713607,
        0.8539629568592982,
        0.9038045288045288,
        0.9182400445558341,
        0.9172831253713607,
        0.9299687807526554,
        0.9332819957819959,
        0.9077264077264078,
        0.9056971774995031,
        0.9447358197358198,
        0.9447358197358198,
        0.9299687807526554,
        0.9447358197358198
    ]
}