{
    "classification_report": {
        "adenocarcinoma": {
            "precision": 0.9473684210526315,
            "recall": 0.9,
            "f1-score": 0.9230769230769231,
            "support": 120.0
        },
        "large_cell_carcinoma": {
            "precision": 0.9074074074074074,
            "recall": 0.9607843137254902,
            "f1-score": 0.9333333333333333,
            "support": 51.0
        },
        "normal": {
            "precision": 1.0,
            "recall": 0.9814814814814815,
            "f1-score": 0.9906542056074766,
            "support": 54.0
        },
        "squamous_cell_carcinoma": {
            "precision": 0.925531914893617,
            "recall": 0.9666666666666667,
            "f1-score": 0.9456521739130435,
            "support": 90.0
        },
        "accuracy": 0.9428571428571428,
        "macro avg": {
            "precision": 0.9450769358384139,
            "recall": 0.9522331154684096,
            "f1-score": 0.9481791589826941,
            "support": 315.0
        },
        "weighted avg": {
            "precision": 0.9436820972841876,
            "recall": 0.9428571428571428,
            "f1-score": 0.9427722334101855,
            "support": 315.0
        }
    },
    "confusion_matrix": [
        [
            108,
            5,
            0,
            7
        ],
        [
            2,
            49,
            0,
            0
        ],
        [
            1,
            0,
            53,
            0
        ],
        [
            3,
            0,
            0,
            87
        ]
    ],
    "confusion_matrix_normalized": [
        [
            0.9,
            0.041666666666666664,
            0.0,
            0.058333333333333334
        ],
        [
            0.0392156862745098,
            0.9607843137254902,
            0.0,
            0.0
        ],
        [
            0.018518518518518517,
            0.0,
            0.9814814814814815,
            0.0
        ],
        [
            0.03333333333333333,
            0.0,
            0.0,
            0.9666666666666667
        ]
    ]
}