{
    "classification_report": {
        "adenocarcinoma": {
            "precision": 0.672,
            "recall": 0.7,
            "f1-score": 0.6857142857142857,
            "support": 120.0
        },
        "large_cell_carcinoma": {
            "precision": 0.4605263157894737,
            "recall": 0.6862745098039216,
            "f1-score": 0.5511811023622047,
            "support": 51.0
        },
        "normal": {
            "precision": 1.0,
            "recall": 0.9629629629629629,
            "f1-score": 0.9811320754716981,
            "support": 54.0
        },
        "squamous_cell_carcinoma": {
            "precision": 0.7903225806451613,
            "recall": 0.5444444444444444,
            "f1-score": 0.6447368421052632,
            "support": 90.0
        },
        "accuracy": 0.6984126984126984,
        "macro avg": {
            "precision": 0.7307122241086588,
            "recall": 0.7234204793028322,
            "f1-score": 0.7156910764133629,
            "support": 315.0
        },
        "weighted avg": {
            "precision": 0.7277964265502466,
            "recall": 0.6984126984126984,
            "f1-score": 0.7028679313369275,
            "support": 315.0
        }
    },
    "confusion_matrix": [
        [
            84,
            29,
            0,
            7
        ],
        [
            10,
            35,
            0,
            6
        ],
        [
            2,
            0,
            52,
            0
        ],
        [
            29,
            12,
            0,
            49
        ]
    ],
    "confusion_matrix_normalized": [
        [
            0.7,
            0.24166666666666667,
            0.0,
            0.058333333333333334
        ],
        [
            0.19607843137254902,
            0.6862745098039216,
            0.0,
            0.11764705882352941
        ],
        [
            0.037037037037037035,
            0.0,
            0.9629629629629629,
            0.0
        ],
        [
            0.32222222222222224,
            0.13333333333333333,
            0.0,
            0.5444444444444444
        ]
    ]
}